{"cameraMode":{"drawMode":0,"name":"Shaded","section":"Shading Mode"},"sceneLighting":true,"audioPlay":false,"sceneViewState":{"m_AlwaysRefresh":false,"showFog":true,"showSkybox":true,"showFlares":true,"showImageEffects":true,"showParticleSystems":true,"showVisualEffectGraphs":true,"m_FxEnabled":true},"in2DMode":false,"pivot":{"x":0.7888228893280029,"y":0.9028006196022034,"z":-1.4830952882766724},"rotation":{"x":-0.062251411378383639,"y":-0.9086568355560303,"z":0.14654378592967988,"w":-0.38600045442581179},"size":2.4426991939544679,"orthographic":false}