{"cameraMode":{"drawMode":0,"name":"Shaded","section":"Shading Mode"},"sceneLighting":true,"audioPlay":false,"sceneViewState":{"m_AlwaysRefresh":false,"showFog":true,"showSkybox":true,"showFlares":true,"showImageEffects":true,"showParticleSystems":true,"showVisualEffectGraphs":true,"m_FxEnabled":true},"in2DMode":false,"pivot":{"x":-1.5365147590637208,"y":2.215632438659668,"z":0.16579341888427735},"rotation":{"x":0.07404505461454392,"y":0.9244157671928406,"z":-0.2908341586589813,"w":0.23535370826721192},"size":9.611003875732422,"orthographic":false}